{"epoch": 4641, "loss": 0.0029136201133951544, "kl_div": 7.758769083023071, "kl_div (*beta)": 0.0077587690830230715, "recon_loss": 0.002137743146158755, "beta": 0.001, "_timestamp": 1706198506.6493323, "_runtime": 9127.076257228851, "_step": 464}