{"epoch": 3611, "loss": 0.005132356844842434, "kl_div": 5.9108240604400635, "kl_div (*beta)": 0.005910824060440063, "recon_loss": 0.004541274346411228, "beta": 0.001, "_timestamp": 1706198508.265231, "_runtime": 9117.818690776825, "_step": 361}