{"epoch": 161, "loss": 0.024950492754578592, "kl_div": 5.648558616638184, "kl_div (*beta)": 0.005648558616638185, "recon_loss": 0.0243856368586421, "beta": 0.001, "_timestamp": 1706188339.9159868, "_runtime": 310.63076972961426, "_step": 16}