{"epoch": 121, "loss": 0.015921561885625123, "kl_div": 4.829507970809937, "kl_div (*beta)": 0.004829507970809936, "recon_loss": 0.015438611060380936, "beta": 0.001, "_timestamp": 1706188329.943441, "_runtime": 299.7500247955322, "_step": 12}