{"epoch": 19991, "loss": 0.0010993293835781515, "kl_div": 7.095598649978638, "kl_div (*beta)": 0.007095598649978638, "recon_loss": 0.0003897694637998939, "beta": 0.001, "_timestamp": 1706088213.5950172, "_runtime": 47614.65738129616, "_step": 1999, "_wandb": {"runtime": 47633}}