{"epoch": 19991, "loss": 0.0009242652216926217, "kl_div": 7.407004165649414, "kl_div (*beta)": 0.007407004165649414, "recon_loss": 0.00018356475338805468, "beta": 0.001, "_timestamp": 1706078448.2061846, "_runtime": 38010.74795269966, "_step": 1999, "_wandb": {"runtime": 38027}}